{
  "project_info": {
    "project_number": "181016615401",
    "project_id": "simple-alarm-clock-8463b",
    "storage_bucket": "simple-alarm-clock-8463b.appspot.com"
  },
  "client": [
    {
      "client_info": {
        "mobilesdk_app_id": "1:181016615401:android:bc46cb3380d90ca3a9d378",
        "android_client_info": {
          "package_name": "com.learntodroid.simplealarmclock"
        }
      },
      "oauth_client": [
        {
          "client_id": "181016615401-5k29853u92tsdi2ntqlnfugu2mt8ut2s.apps.googleusercontent.com",
          "client_type": 3
        }
      ],
      "api_key": [
        {
          "current_key": "AIzaSyAdpWVF1SUWG-B2bTrNDF1gOblZN-3VRuQ"
        }
      ],
      "services": {
        "appinvite_service": {
          "other_platform_oauth_client": [
            {
              "client_id": "181016615401-5k29853u92tsdi2ntqlnfugu2mt8ut2s.apps.googleusercontent.com",
              "client_type": 3
            }
          ]
        }
      }
    }
  ],
  "configuration_version": "1"
}